[{"@type":"mappingTemplate","id":"@1","name":"ComplexJSONWithComplexArrayStructuresMapping","description":"","bundleVersion":"0","assetFrsGuid":"5bPuP5GX5ezf37zQClGZiW","templateId":"@3","deployTime":1728958672000,"hasParameters":false,"valid":true,"fixedConnection":true,"hasParametersDeployed":false,"fixedConnectionDeployed":true,"isSchemaValidationEnabled":false,"tasks":0,"mappingPreviewFileRecordId":"@2","documentType":"MAPPING","references":[{"@type":"reference","refObjectId":"@2HPQF4YYOtddzBgfUblJCI","refType":"structureDefinition"},{"@type":"reference","refObjectId":"@i9LcT7ja0G8c9DWOMJ1OAU","refType":"connection"}]}]