[{"@type":"mappingTemplate","id":"@1","name":"Mapping10","description":"","bundleVersion":"0","templateId":"@3","deployTime":1641190543000,"hasParameters":false,"valid":true,"fixedConnection":true,"hasParametersDeployed":false,"fixedConnectionDeployed":true,"isSchemaValidationEnabled":false,"tasks":0,"mappingPreviewFileRecordId":"@2","documentType":"MAPPING","references":[{"@type":"reference","refObjectId":"@41A59IPEs6ReYcxNVHrrQp","refType":"connection"},{"@type":"reference","refObjectId":"@0DnsMv5NJoxiyQ6GBogZUm","refType":"connection"}]}]