[{"@type":"mappingTemplate","id":"@1","name":"Mapping20","description":"","bundleVersion":"0","templateId":"@3","deployTime":1701064090000,"hasParameters":false,"valid":true,"fixedConnection":true,"hasParametersDeployed":false,"fixedConnectionDeployed":true,"isSchemaValidationEnabled":false,"tasks":0,"mappingPreviewFileRecordId":"@2","documentType":"MAPPING","references":[{"@type":"reference","refObjectId":"@aVrmmnqaEkTbxxAuytdE0F","refType":"connection"},{"@type":"reference","refObjectId":"@htkl73BnP4QhNuPKCThjq2","refType":"structureDefinition"}]}]